NSC	CAS	Generic Name	Preffered Name	Projects	Primary Target
787269	459147-39-8		SW-033291	Investigational 	15-PDGH
105014	4291-63-8	cladribine	RJW-26251	Approved 	Adenosine deaminase
218321	53910-25-1	pentostatin	CI-825	Approved 	Adenosine deaminase
766888	95809-78-2		CPI-613	Investigational 	AEMD
639966	157716-52-4	perifosine	KRX-0401	Investigational 	Akt
756656	1032349-77-1		MK-2206	Investigational 	Akt
761387	885499-61-6		CCT-128930	Investigational 	Akt
764039	1143532-39-1		AZD-5363	Investigational 	Akt
766991	937174-76-0		GSK-690693	Investigational 	Akt
767898	1001264-89-6	ipatasertib	GDC-0068	Investigational 	Akt
768070	1004990-28-6		PF-4176340	Investigational 	Akt
768071	no cas		PF-4176340 (inactive enantiomer)	Investigational 	Akt
771650	1056901-62-2		AT-13148	Investigational 	Akt
778305	1047644-62-1	afuresertib	GSK-2110183	Investigational 	Akt
778368	1047634-65-0		GSK-2141795	Investigational 	Akt
791328	1313881-70-7		ARQ-092	Investigational 	Akt
792847	1430056-54-4		INCB-047775	Investigational 	Akt
793324	1402608-02-9		BAY-1125976	Investigational 	Akt
795142	1379545-95-5		M2698	Investigational	Akt
756645	877399-52-5	crizotinib	PF-02341066	Approved 	Alk
764040	1256580-46-7	alectinib	CH-5424802	Approved 	Alk
764041	761439-42-3		TAE-684	Investigational 	Alk
764821	1256589-74-8		CH-5428402 HCl	Investigational 	Alk
765865	1097917-15-1		ASP-3026	Investigational 	Alk
766824	1022957-12-5		Cephalon Alk inhibitor (Compound 45)	Investigational 	Alk
774769	1108743-60-7	entrectinib	NMS-E628	Investigational 	Alk
776422	1032900-25-6	ceritinib	LDK-378	Approved 	Alk
776787	1356962-20-3		AZD-3463	Investigational 	Alk
779218	1022958-60-6		CEP-28122	Investigational 	Alk
780108	1454846-35-5		PF-06463922	Investigational 	Alk
780163	1609203-73-7		SOMCL-12-81	Investigational 	Alk
781148	1391712-60-9		CEP-37440	Investigational 	Alk
787457	1197953-54-0	brigatinib	AP-26113	Approved 	Alk
793150	1370651-20-9	ensartinib	X-396	Investigational 	Alk
13875	645-05-6	altretamine	KB-913	Approved 	Alkylator
79037	13010-47-4	lomustine	CCNU	Approved 	Alkylator
755605	915087-33-1	enzalutamide	MDV-3100	Approved 	Androgen Receptor
765776	1240299-33-5		AZD-3514	Investigational 	Androgen Receptor
771649	956104-40-8		ARN-509	Investigational 	Androgen Receptor
755384	150399-23-8	pemetrexed disodium	LY-231514	Approved 	Antifolate
38721	53-19-0	mitotane	CB-313	Approved 	Antihormone
118218	146-78-1		2-Fluoroadenosine	Investigational 	Antimetabolite
756660	117-39-5	quercetin	LNS-5662	Investigational 	Antioxidant
721517	118072-93-8	zolendronic acid		Approved 	Antiresorptive
92859	1327-53-3	arsenic trioxide		Approved 	Apoptotic
757437	53003-10-4	salinomycin	VS-507	Investigational 	Apoptotic
758253	26833-87-4	omacetaxine mepasuccinate	CGX-635	Approved 	Apoptotic
791496	5291-32-7		APR-246	Investigational 	Apoptotic
713563	107868-30-4	exemestane	FCE-24304	Approved 	Aromatase
719344	120511-73-1	anastrozole	ZD-1033	Approved 	Aromatase
719345	112809-51-5	letrozole	CGS-20267	Approved 	Aromatase
797772	1448428-04-3	selonsertib	GS-4997	Investigational	ASK1
787962	587871-26-9		KU-55933	Investigational 	ATM
792956	1821428-35-6		AZD-0156	Investigational 	ATM
756874	220036-08-8		NU-6027	Investigational 	ATR
761070	1232410-49-9		VE-821	Investigational 	ATR
761693	1286238-55-8		Vertex ATR inhibitor Cpd 45	Investigational 	ATR
777638	1352226-97-1		AZD-6738 diasteromeric mixture	Investigational 	ATR
777718	1232416-25-9		VE-822	Investigational 	ATR
780249	1352226-97-1		AZD-6738	Investigational 	ATR
780250	no cas		AZD-6738 ( R,S-isomer)	Investigational 	ATR
757444	722544-51-6	barasertib-HQPA	AZD-1152-HQPA	Investigational 	Aurora
758245	934353-76-1		ENMD-2076	Investigational 	Aurora
758250	1146618-41-8		SNS-314	Investigational 	Aurora
759094	934353-75-0		ENMD-2076 Precursor	Investigational 	Aurora
759498	693228-63-6		CYC-116	Investigational 	Aurora
759675	1000669-72-6		KW-2449	Investigational 	Aurora
759677	1028486-01-2	alisertib	MLN-8237	Investigational 	Aurora
760144	896466-04-9		AT-9283	Investigational 	Aurora
761069	945595-80-2		AMG-900	Investigational 	Aurora
761691	1094069-99-4		SCH-1473759	Investigational 	Aurora
762151	934541-31-8		TAK-901	Investigational 	Aurora
763930	871357-89-0		AS-703569	Investigational 	Aurora
765889	1227939-82-3	ilorasertib	ABT-348	Investigational 	Aurora
773262	1010085-13-8		MK-5108	Investigational 	Aurora
777445	942918-07-2		GSK-1070916A	Investigational 	Aurora
784415	827318-97-8	danusertib	PHA-739538	Investigational 	Aurora
765262	1037624-91-1		R-428	Investigational 	Axl
798200	1341200-45-0		TP-0903	Investigational	Axl
727859	90141-22-3	(R)-(-)-gossypol	AT-101	Investigational 	Bcl-2
756663	803712-79-0	obatoclax	GX15-070	Investigational 	Bcl-2
758873	852808-04-9		ABT-737	Investigational 	Bcl-2
759659	923564-51-6	navitoclax	ABT-263	Investigational 	Bcl-2
766270	1257044-40-8	venetoclax	ABT-199	Approved 	Bcl-2
768536	331244-89-4		BAM7	Investigational 	Bcl-2
732517	863127-77-9	dasatinib	BMS-354825	Approved 	Bcr-Abl
743414	152459-95-5	imatinib	STI-571	Approved 	Bcr-Abl
747599	641571-10-0	nilotinib	AMN-107	Approved 	Bcr-Abl
755389	1391063-17-4		bosutinib isomer	Investigational 	Bcr-Abl
758487	943319-70-8	ponatinib	AP-24534	Approved 	Bcr-Abl
774831	1020172-07-9	rebastinib	DCC-2036	Investigational 	Bcr-Abl
789925	1492952-76-7		ABL-001	Investigational 	Bcr-Abl
764043	1268524-70-4		(+)-JQ1	Investigational 	BET bromodomain
767599	1300031-49-5		GSK-1210151A	Investigational 	BET bromodomain
774829	1260907-17-2		GSK-525762	Investigational 	BET bromodomain
777448	1403764-72-6		PFI-1	Investigational 	BET bromodomain
778747	202590-98-5		OTX-015	Investigational 	BET bromodomain
782763	1300031-52-0		I-Bet-726	Investigational 	BET bromodomain
784856	1380087-89-7		CPI-0610	Investigational 	BET bromodomain
785345	1588521-78-1		Bet-BAY-002	Investigational 	BET bromodomain
789043	1818885-28-7		ARV-825	Investigational 	BET bromodomain
793103	1445993-26-9		ABBV-075	Investigational 	BET bromodomain
797938	1869912-39-9		AZD-5153	Investigational	BET bromodomain
755984	113906-27-7		PNU-74654	Investigational 	Beta-catenin
754357	927880-90-8		RAF-265	Investigational 	Braf
754362	405554-55-4		SB-590885	Investigational 	Braf
754364	877874-85-6		Targegen B-Raf/PDGFR inhibitor Cpd 6	Investigational 	Braf
757438	918505-84-7		PLX-4720	Investigational 	Braf
761431	1029872-54-5	vemurafenib	PLX-4032	Approved 	Braf
764134	1195768-06-9	dabrafenib	GSK-2118436B	Approved 	Braf
764765	1228237-45-3		ARQ-680	Investigational 	Braf
776043	1188910-76-0		CEP-32496	Investigational 	Braf
778304	1269440-17-6	encorafenib	LGX-818	Investigational 	Braf
778809	1228591-30-7		TAK-632	Investigational 	Braf
781761	1454682-72-4		LY-3009120	Investigational 	Braf
782007	878739-06-1		AZ-628	Investigational 	Braf
797932	1393466-87-9		PLX-8394	Investigational	Braf
793323	1446090-77-2		BGB-283	Investigational 	Braf
761910	936563-96-1	ibrutinib	PCI-32765	Approved 	BTK
780020	1202757-89-8	spebrutinib	CC-292	Investigational 	BTK
781417	1242156-23-5		RN-486	Investigational 	BTK
791164	1420477-60-6	acalabrutinib	ACP-196	Investigational 	BTK
797933	1351636-18-4	tirabrutinib	GS-4059	Investigational	BTK
798202	1434048-34-6		GDC-0853	Investigational	BTK
755400	790299-79-5	masitinib	AB-1010	Investigational 	c-Kit
754346	913376-83-7		AMG-458	Investigational 	c-Met
758242	1000873-98-2	tivantinib	ARQ-197	Investigational 	c-Met
758244	1100598-32-0	tepotinib	EMD-1214063	Investigational 	c-Met
758591	1022150-57-7		SGX-523	Investigational 	c-Met
759095	1072116-03-0		JNJ-38877605	Investigational 	c-Met
761068	849217-68-1	cabozantinib	XL-184	Approved 	c-Met
761692	1196681-38-5		MK-8033	Investigational 	c-Met
763931	956905-27-4		PF-04217903	Investigational 	c-Met
764090	1196681-44-3		BMS-777607	Investigational 	c-Met
764580	917879-39-1		MK-2461	Investigational 	c-Met
765672	1266319-57-6		S-49076 analog	Investigational 	c-Met
766271	477575-56-7		PHA-665752	Investigational 	c-Met
766288	1002304-34-8		AMG-208	Investigational 	c-Met
767954	1100598-15-9		EMD-1204831	Investigational 	c-Met
771652	1116743-46-4		SAR-125844	Investigational 	c-Met
777878	1029712-80-8	capmatinib	INCB-28060	Investigational 	c-Met
781652	1394820-69-9	ningetinib	CT-053PTSA	Investigational 	c-Met
782121	1313725-88-0	volitinib	AZD-6094	Investigational 	c-Met
784590	1345847-93-9	altiratinib	DCC-2701	Investigational 	c-Met
785306	1190836-34-0		TAS-115	Investigational 	c-Met
789223	1173699-31-4		AMG-337	Investigational 	c-Met
794646	890019-63-3		AMG-51	Investigational	c-Met
797770	1437321-24-8		CEP-40783	Investigational	c-Met
764582	403811-55-2		10058-F4	Investigational 	c-Myc/MAX
764609	413611-93-5		10074-G5	Investigational 	c-Myc/MAX
755765	220904-83-6		GW-5074	Investigational 	c-Raf
756654	208260-29-1		ZM-336372	Investigational 	c-Raf
749226	154229-19-3	abiraterone	JNJ-2012082	Approved 	C17-20 Lyase
764488	566939-85-3	orteronel	TAK-700	Investigational 	C17-20 Lyase
783294	1610537-15-9	seviteronel	VT-464	Investigational 	C17-20 Lyase
787827	1260006-20-9		CFG-920	Investigational 	C17-20 Lyase
169780	24584-09-6	dexrazoxone		Approved 	Cardioprotective
766811	603139-19-1	odanacatib	MK-0822	Investigational 	Cathepsin
782457	1310340-58-9		VBY-825	Investigational 	Cathepsin
775771	1169558-38-6		XL-413	Investigational 	CDC7
793585	1627696-51-8		LY-3177833	Investigational 	CDC7
649890	131740-09-5	alvocidib	flavopiridol	Investigational 	Cdk
701554	186692-46-6	seliciclib	CYC-202	Investigational 	Cdk
758247	571190-30-2	palbociclib	PD-0332991	Approved 	Cdk
762673	1204918-72-8		SB-1317	Investigational 	Cdk
764036	779353-01-4	dinaciclib	MK-7965	Investigational 	Cdk
767048	345627-80-7		BMS-387032	Investigational 	Cdk
768073	1231929-97-7	abemaciclib	LY-2835219	Investigational 	Cdk
773094	741713-40-6		R-547	Investigational 	Cdk
773394	844442-38-2		AT-7519	Investigational 	Cdk
774911	1223498-26-7	roniciclib	BAY-1000394	Investigational 	Cdk
777879	1169694-98-7		AM-5992	Investigational 	Cdk
778909	1211441-98-3	ribociclib	LEE-011	Approved 	Cdk
781514	1401033-86-0		AMG-925	Investigational 	Cdk
784284	1000023-04-0	voruciclib	P-1446A	Investigational 	Cdk
786098	1414943-88-6		BAY-1143572	Investigational 	Cdk
788794	1628301-84-7		A-911	Investigational 	Cdk
793727	1607837-31-9		CCT-251921	Investigational 	Cdk
789041	1088965-37-0		GSK-923295	Investigational 	CENP
791648	no cas		PF-2771	Investigational 	CENP
296961	20537-88-6	amifostine		Approved 	Chemoprotective
757148	860352-01-8		AZD-7762	Investigational 	Chk1
758257	1234015-54-3	prexasertib	LY-2606368	Investigational 	Chk1
761188	911222-45-2	rabusertib	LY-2603618	Investigational 	Chk1
763444	952021-60-2		PF-477736	Investigational 	Chk1
764659	891494-63-6		SCH-900776	Investigational 	Chk1
791163	1200129-48-1		RG-7602	Investigational 	Chk1
793726	1489389-18-5		CCT-245737	Investigational 	Chk1
741899	516480-79-8		BML-277	Investigational 	Chk2
776821	1262849-73-9		CCT-241533	Investigational 	Chk2
761193	1009820-21-6	silmitasertib	CX-4945	Investigational 	CK2
719627	169590-42-5	celecoxib	CEP-33222	Approved 	COX-2
772595	1333151-73-7		KPT-185	Investigational 	CRM1
773260	1388841-50-6		KPT-251	Investigational 	CRM1
780203	1393477-72-9	selinexor	KPT-330	Investigational 	CRM1
754345	1149939-55-8		JNJ-28312141	Investigational 	CSF-1R
758006	953769-46-5		BLZ-945	Investigational 	CSF-1R
789300	1029044-16-3	pexidartinib	PLX-3397	Investigational 	CSF-1R
761388	110078-46-1	plerixafor	AMD-3100	Approved 	CXCR4
775637	558447-26-0		AMD-070	Investigational 	CXCR4
122758	302-79-4	tretinoin	Retenoic Acid	Approved 	Differentiator
740	59-05-2	methotrexate	CL-14377	Approved 	Dihydrofolate reductase
754230	146464-95-1	pralatrexate		Approved 	Dihydrofolate reductase
750	55-98-1	busulfan	KRN-246	Approved 	DNA alkylator or DNA alkylating
762	55-86-7	nitrogen mustard	mechlorethamine	Approved 	DNA alkylator or DNA alkylating
3088	305-03-3	chlorambucil		Approved 	DNA alkylator or DNA alkylating
6396	52-24-4	thiotepa	N,N',N'-triethylenethiophosphoramide	Approved 	DNA alkylator or DNA alkylating
8806	3223-07-2	melphalan hydrochloride	CB-3025	Approved 	DNA alkylator or DNA alkylating
9706	51-18-3	triethylenemelamine		Approved 	DNA alkylator or DNA alkylating
25154	54-91-1	pipobroman	A-8103	Approved 	DNA alkylator or DNA alkylating
26271	6055-19-2	cyclophosphamide		Approved 	DNA alkylator or DNA alkylating
26980	50-07-7	mitomycin C		Approved 	DNA alkylator or DNA alkylating
34462	66-75-1	uracil mustard		Approved 	DNA alkylator or DNA alkylating
45388	4342-03-4	dacarbazine		Approved 	DNA alkylator or DNA alkylating
45923	298-81-7	methoxsalen	8-MOP	Approved 	DNA alkylator or DNA alkylating
77213	366-70-1	procarbazine	Ro-04-6467/1	Approved 	DNA alkylator or DNA alkylating
85998	18883-66-4	streptozocin	U-9889	Approved 	DNA alkylator or DNA alkylating
109724	3778-73-2	ifosfamide	MJF-9325	Approved 	DNA alkylator or DNA alkylating
138783	3543-75-7	bendamustine	SDX-105	Approved 	DNA alkylator or DNA alkylating
362856	85622-93-1	temozolomide	CCRG-81045	Approved 	DNA alkylator or DNA alkylating
409962	154-93-8	carmustine	SK-27702	Approved 	DNA alkylator or DNA alkylating
683863	158440-71-2	irofulven	E-7850	Investigational 	DNA alkylator or DNA alkylating
637037	19916-73-5	O-6-benzylguanine	O6-BG	Investigational 	DNA alkyltransferase
24559	18378-89-7	plicamycin	mithramycin	Approved 	DNA binder
3053	50-76-0	dactinomycin	actinomycin D	Approved 	DNA binding transcriptor
755985	121032-29-9	nelarabine	GW-506U78	Approved 	DNA chain terminator
765775	210829-30-4	gemcitabine elaidate	CO-101	Investigational 	DNA chain terminator
119875	15663-27-1	cisplatin		Approved 	DNA crosslinker
241240	41575-94-4	carboplatin	JM-8	Approved 	DNA crosslinker
266046	61825-94-3	oxaliplatin	RP-54780	Approved 	DNA crosslinker
758490	181630-15-9	picoplatin	AMD-473	Investigational 	DNA crosslinker
130181	27314-97-2		tirapazamine	Investigational 	DNA damaging
686288	165179-35-1		aminoflavone	Investigational 	DNA damaging
710464	468719-53-1		AFP-464	Investigational 	DNA damaging
14229	69-05-6	quinacrine hydrochloride	mepacrine	Investigational 	DNA intercalator
82151	23541-50-6	daunorubicin	NDC-0082-4155	Approved 	DNA intercalator
123127	25316-40-9	doxorubicin		Approved 	DNA intercalator
246131	56124-62-0	valrubicin	AD-32	Approved 	DNA intercalator
678515	69123-94-0		FAU	Investigational 	DNA intercalator
102816	320-67-2	azacitidine	U-18496	Approved 	DNA methyltransferase
127716	2353-33-5	decitabine	E-7373	Approved 	DNA methyltransferase
783333	1020149-73-8		SGI-1027	Investigational 	DNA methyltransferase
783334	48208-26-0		RG-108	Investigational 	DNA methyltransferase
783360	91908-88-2		IM-25	Investigational 	DNA methyltransferase
785657	865838-26-2		RX-3117	Investigational 	DNA methyltransferase
63878	69-74-9	cytarabine hydrochloride	U-19920A	Approved 	DNA polymerase
606869	123318-82-1	clofarabine		Approved 	DNA polymerase
791785	151823-14-2	sapacitabine	CS-682	Investigational 	DNA polymerase
793679	135598-68-4		TAS-109	Investigational 	DNA polymerase
125066	9041-93-4	bleomycin		Approved 	DNA strand breaker
613327	122111-03-9	gemcitabine	LY-188011	Approved 	DNA synthesis
792969	1476074-39-1		VX-984	Investigational 	DNA-PK
778365	1380288-87-8		EPZ-5676	Investigational 	DOT1L
780043	1338466-77-5		EPZ-004777	Investigational 	DOT1L
715055	184475-35-2	gefitinib	ZD-1839	Approved 	EGFR
718781	183319-69-9	erlotinib	OSI-774	Approved 	EGFR
745750	231277-92-2	lapatinib	GW-572016	Approved 	EGFR
750691	439081-18-2	afatinib	BIBW-2992	Approved 	EGFR
755927	1213269-23-8		WZ-4002	Investigational 	EGFR
757439	698387-09-6	neratinib	PF-0528767	Investigational 	EGFR
758005	848942-61-0	sapitinib	AZD-8931	Investigational 	EGFR
760765	859853-30-8		BMS-690514	Investigational 	EGFR
764135	714971-09-2		BMS-599626	Investigational 	EGFR
764823	845272-21-1	varlitinib	ARRY-543	Investigational 	EGFR
765888	1110813-31-4	dacomitinib	PF-299804	Investigational 	EGFR
765949	497839-62-0		AEE-788	Investigational 	EGFR
776762	781613-23-8	tesevatinib	XL-647	Investigational 	EGFR
779217	1421373-65-0	osimertinib	AZD-9291	Approved 	EGFR
779405	1374640-70-6	rociletinib	CO-1686	Investigational 	EGFR
780019	289499-45-2	canertinib	PD-183805	Investigational 	EGFR
787027	1508250-71-2		EGF-816	Investigational 	EGFR
788121	1626387-80-1		AZD-3759	Investigational 	EGFR
788365	1776112-90-3		PF-06747775	Investigational 	EGFR
792848	no cas	olmutinib	BI-1482694	Investigational 	EGFR
793322	1448232-80-1	naquotinib	ASP-8273	Investigational	EGFR
764581	937263-43-9		ARRY-380	Investigational 	erbB2
780042	383432-38-0		CP-724714	Investigational 	erbB2
765436	1037184-44-3		YK-4-279	Investigational 	ERG
775636	942183-80-4		SCH-772984	Investigational 	ERK
781343	1453848-26-4		GDC-0994	Investigational 	ERK
797771	869886-67-9	ulixertinib	BVD-523	Investigational 	ERK
777109	1403254-99-8	tazemetostat	E-7438	Investigational 	EZH2
780041	1346574-57-9		GSK-126	Investigational 	EZH2
782310	1450655-76-1		CPI-169	Investigational 	EZH2
783332	1396772-26-1		EPZ-5687	Investigational 	EZH2
793430	1621862-70-1		CPI-1205	Investigational 	EZH2
782579	871266-63-6		PCI-27483	Investigational 	Factor VIIa
754356	717907-75-0		PF-562271	Investigational 	FAK
778364	1073160-26-5	defactinib hydrochloride	PF-04554878	Investigational 	FAK
782549	1073154-85-4	defactinib	PF-04554878	Investigational 	FAK
783102	1061353-68-1		VS-4718	Investigational 	FAK
787252	761437-28-9		TAE-226	Investigational 	FAK
760444	192185-72-1	tipifarnib	R-115777	Investigational 	Farnesyltransferase
764755	17397-89-6	cerulenin		Investigational 	FASN
764756	218137-86-1		C-75	Investigational 	FASN
782125	1579514-16-1		JNJ-54302833	Investigational 	FASN
792955	1332331-21-1		GSK-2194069	Investigational 	FASN
754361	1036991-21-5		Astex FGF inhibitor	Investigational 	FGFR
763929	252916-29-3	orantinib	SU-6668	Investigational 	FGFR
764239	1035270-39-3		AZD-4547	Investigational 	FGFR
764487	872511-34-7	infrigatinib	BGJ-398	Investigational 	FGFR
766908	219580-11-7		PD-173074	Investigational 	FGFR
771750	1254473-64-7		LY-2874455	Investigational 	FGFR
781556	1346242-81-6		JNJ-42756493	Investigational 	FGFR
782363	1265229-25-1		CH-5183284	Investigational 	FGFR
785300	1538604-68-0		BLU-9931	Investigational 	FGFR
790182	1612888-66-0	alofanib	RPT-835	Investigational 	FGFR
793677	1453208-66-6		ASP-5878	Investigational 	FGFR
795718	1707289-21-1		BLU-554	Investigational	FGFR
797937	1308672-74-3	sulfatinib	HMPL-012	Investigational	FGFR
756647	950769-58-1	quizartinib	AC-220	Investigational 	Flt3
759661	405169-16-6	dovitinib	CHIR-258	Investigational 	Flt3
760841	387867-13-2	tandutinib	MLN-518	Investigational 	Flt3
761879	1253836-17-7		ITRI-260	Investigational 	Flt3
767897	1327167-19-0		BPR1J-097	Investigational 	Flt3
771651	885610-66-2		VX-322	Investigational 	Flt3
772196	111358-88-4	lestaurtinib	CEP-701	Investigational 	Flt3
787846	1254053-43-4	gilteritinib	ASP-2215	Investigational 	Flt3
142784	2226-96-2	tempol	OT-674	Investigational 	free-radical scavenger
788948	4105-38-8	uridine triacetate	RG-2133	Approved 	FU Antidote
754348	865773-15-5		PF-03084014 diastereomer 1	Investigational 	Gamma secretase
755926	865773-15-5		PF-03084014 diastereomer 2	Investigational 	Gamma secretase
755982	425386-60-3	semagacestat	LY-450139	Investigational 	Gamma secretase
756650	847925-91-1		RG-4733	Investigational 	Gamma secretase
761217	1146699-66-2	avagacestat	BMS-708163	Investigational 	Gamma secretase
762672	290315-45-6		BMS-299897	Investigational 	Gamma secretase
762829	471905-41-6		MK-0752	Investigational 	Gamma secretase
780812	1401066-79-2		BMS-906024	Investigational 	Gamma secretase
785222	1584713-87-0		BMS-983970	Investigational 	Gamma secretase
767745	446022-33-9	pelitrexol	AG-2037	Investigational 	GARTF
772290	no cas		Pelitrexol isomer A	Investigational 	GARTF
772291	no cas		Pelitrexol isomer B	Investigational 	GARTF
793149	1799753-84-6		BAY-876	Investigational 	GLUT1
783415	1439399-58-2		CB-839	Investigational 	Glutaminase
798303	314045-39-1		BPTES	Investigational	Glutaminase
761690	186392-40-5		CP-91149	Investigational 	Glycogen phosphorylase
764238	667463-85-6	6-bromoindirubin-3'-acetoxime	BIA	Investigational 	GSK-3
772198	603288-22-8		LY-2090314	Investigational 	GSK-3
774901	486424-20-8		AZD-2858	Investigational 	GSK-3
797769	1042735-18-1		ABC-1183	Investigational	GSK-3
758484	286942-97-0	ezatiostat	TLK-199	Investigational 	GSTP1
701852	149647-78-9	vorinostat	SAHA	Approved 	HDAC
754143	128517-07-7	depsipeptide	FK-228	Approved 	HDAC
756642	209783-80-2	entinostat	MS-275	Investigational 	HDAC
758249	929016-96-6	pracinostat	SB-939	Investigational 	HDAC
758774	414864-00-9	belinostat	PXD-101	Approved 	HDAC
759657	875320-29-9	quisinostat	JNJ-26481585	Investigational 	HDAC
759905	1186222-89-8		4SC-202	Investigational 	HDAC
760143	726169-73-9	mocetinostat	MG-0103	Investigational 	HDAC
761190	404950-80-7	panobinostat	LBH-589	Approved 	HDAC
762153	918332-89-5		ST-3595	Investigational 	HDAC
764136	783355-60-2	abexinostat	PCI-24781	Investigational 	HDAC
767952	1316214-52-4	rocilinostat	ACY-1215	Investigational 	HDAC
771751	1339928-25-4		CUDC-907	Investigational 	HDAC
773264	604769-01-9		JNJ-16241199	Investigational 	HDAC
797653	1206731-57-8		WT-161	Investigational	HDAC
62343	1113-59-3		3-bromopyruvic acid	Investigational 	Hexokinase II
756879	170632-47-0	lificiguat	YC-1	Investigational 	HIF-1 alpha
781016	1227158-85-1		BAY-87-2243	Investigational 	HIF-1 alpha
787312	1672665-49-4		PT-2385	Investigational 	HIF-2 alpha
764517	1255580-76-7		UNC-0638	Investigational 	Histone-lysine methyl transferase
777571	935693-62-2		BIX-01294	Investigational 	Histone-lysine methyl transferase
777671	1374601-40-7		BRD-4770	Investigational 	Histone-lysine methyl transferase
330507	75747-14-7	tanespimycin	17-AAG	Investigational 	Hsp90
707545	467214-21-7	alvespimycin	17-DMAG	Investigational 	Hsp90
755762	747412-49-3	luminespib	AUY-922	Investigational 	Hsp90
761194	1061318-81-7		CUDC-305	Investigational 	Hsp90
763579	912999-49-6	onalespib	AT-13387	Investigational 	Hsp90
765395	958025-66-6		MPC-3100	Investigational 	Hsp90
765435	888216-25-9	ganetespib	STA-9090	Investigational 	Hsp90
768509	908115-27-5		PF-04929113	Investigational 	Hsp90
772351	1149705-71-4		XL-888	Investigational 	Hsp90
772885	1207961-33-8		PF-4942847	Investigational 	Hsp90
773265	848695-25-0		CNF-2024	Investigational 	Hsp90
780204	1260533-36-5		TAS-116	Investigational 	Hsp90
797393	66522-52-9		AT-265	Investigational	Hsp90
754359	934963-58-3		AEG-40730	Investigational 	IAP
764757	1071992-99-8		AT-406	Investigational 	IAP
765898	873652-48-3		GDC-0152	Investigational 	IAP
767128	1260251-31-7	birinapant	TL-32711	Investigational 	IAP
772868	1005342-46-0		LCL-161	Investigational 	IAP
781468	1446182-94-0		CUDC-427	Investigational 	IAP
787048	1258392-53-8		AZD-5582	Investigational 	IAP
768539	1355324-87-6		Agios Cmp 301	Investigational 	IDH1
772564	1355324-14-9		IDH-C227	Investigational 	IDH1
773096	1355326-35-0		IDH-C35	Investigational 	IDH1
789102	1448347-49-6	ivosidenib	AG-120	Investigational 	IDH1
794487	1803274-65-8		BAY-1436032	Investigational	IDH1
781409	1432660-47-3		AGI-6780	Investigational 	IDH2
788120	1446502-11-9	enasidenib	AG-221	Approved 	IDH2
721782	110117-83-4		1-Methyl-[D]-tryptophan	Investigational 	IDO1
785497	1204669-58-8	epacadostat	INCB-24360	Investigational 	IDO1
796100	198474-05-4		PF-06840003	Investigational	IDO1
756652	867160-71-2	linsitinib	ASP-7487	Investigational 	IGF1R
758243	1001350-96-4		BMS-754807	Investigational 	IGF1R
761760	468740-43-4		BMS-536924	Investigational 	IGF1R
761931	904897-64-9		KHK Indazole	Investigational 	IGF1R
766255	1116235-97-2		GSK-1838705A	Investigational 	IGF1R
767006	475489-16-8		AEW-541	Investigational 	IGF1R
767746	475488-23-4		ADW-742	Investigational 	IGF1R
767951	1089283-49-7		GSK-1904529A	Investigational 	IGF1R
778366	898280-07-4		XL-228	Investigational 	IGF1R
66847	50-35-1	thalidomide	K-17	Approved 	immunomodulatory
747972	191732-72-6	lenalidomide	CC-5013	Approved 	immunomodulatory
775351	19171-19-8	pomalidomide	CC-4047	Approved 	immunomodulatory
762152	960374-59-8		ONX-0914	Investigational 	Immunoproteasome
752	50-44-2	thioguanine		Approved 	IMPDH
767601	297730-17-7		AVN-944	Investigational 	IMPDH
774651	188968-51-6	cilengitide	EMD-121974	Investigational 	Integrin
776790	227963-15-7		MK-0429	Investigational 	Integrin
777573	289483-69-8		E-7820	Investigational 	Integrin
755981	857064-42-7		WP-1034	Investigational 	JAK
759674	1138325-13-9	pacritinib	SB-1518	Investigational 	JAK
763371	941678-49-5	ruxolitinib	INCB-018424	Investigational 	JAK
764820	1229236-86-5	gandotinib	LY-2784544	Investigational 	JAK
766821	1271022-90-2		BMS-911543	Investigational 	JAK
767598	1056634-68-4	momelotinib	CYT-387	Investigational 	JAK
772887	945750-13-0		XL-019	Investigational 	JAK
772920	937273-04-6		SB-1578	Investigational 	JAK
781626	937272-79-2	pacritinib	SB-1518	Investigational 	JAK
782351	477600-75-2	tofacitinib	CP-690550	Investigational 	JAK
792849	1334298-90-6	itacitinib	INCB-39110	Investigational 	JAK1
756648	935666-88-9		AZD-1480	Investigational 	JAK2
767600	936091-26-8	fedratinib	SAR-302503	Investigational 	JAK2
755773	129-56-6		SP-600125	Investigational 	JNK
755386	336113-53-2	ispinesib	CK-0238273	Investigational 	KSP
763564	858668-07-2		EMD-534085	Investigational 	KSP
771644	1095253-39-6		ARQ-621	Investigational 	KSP
772254	885060-09-3		ARRY-520 (isomer A)	Investigational 	KSP
772255	885060-09-3		ARRY-520 (isomer B)	Investigational 	KSP
773261	940929-33-9		SB-743921	Investigational 	KSP
780965	845256-65-7		MK-0731	Investigational 	KSP
789722	910634-41-2	litronesib	LY-2523355	Investigational 	KSP
773174	1370290-34-8		LDHA Cmp 33	Investigational 	LDHA
775018	1370290-53-1		LDHA Cmp 35	Investigational 	LDHA
762419	521064-34-6		CT-32228	Investigational 	LPAAT-beta
783917	1401966-69-5		GSK-2879552	Investigational 	LSD1
787081	1613028-81-1		SR-9243	Investigational 	LXR
788186	859212-16-1	bafetinib	CNS-9	Investigational 	Lyn
763094	1101854-58-3		JZL-184	Investigational 	MAGL
763527	1210004-12-8		JZL-195	Investigational 	MAGL
781008	1227962-62-0	maritoclax	marinopyrrole A	Investigational 	Mcl-1
783916	1651890-44-6	pyridoclax	MR-29072	Investigational 	Mcl-1
784817	no cas		A-1210477	Investigational 	Mcl-1
787780	1228108-65-3	sabutoclax	BI-97C1	Investigational 	Mcl-1
787960	518303-20-3		UMI-77	Investigational 	Mcl-1
798846	1799633-27-4		S-63845	Investigational	MCl-1
796433	1341224-83-6		PF-04136309	Investigational	MCP-1
787047	1448671-31-5		AZD-3965	Investigational 	MCT
754358	787632-66-0		JNJ-27291199	Investigational 	MDM2
754360	1201143-87-4		MI-219	Investigational 	MDM2
756875	548472-68-0	(+/-)-nutlin-3		Investigational 	MDM2
756876	675576-98-4	(-)-nutlin-3		Investigational 	MDM2
763443	675576-97-3	(+)-Nutlin-3		Investigational 	MDM2
771531	no cas		RG-7112	Investigational 	MDM2
779404	1229705-06-9	idasanutlin	RG-7388	Investigational 	MDM2
781009	1303607-07-9		MI-773	Investigational 	MDM2
781515	1352066-68-2		AMG-232	Investigational 	MDM2
783015	1313363-54-0		CGM-097	Investigational 	MDM2
798304	2016795-77-8		EC-330	Investigational	MDM2
679828	167869-21-8		PD-98059	Investigational 	MEK
741078	606143-52-6	selumetinib	AZD-6244	Investigational 	MEK
755763	1236699-92-5	pimasertib	AS-703026	Investigational 	MEK
755770	391210-10-9		PD-0325901	Investigational 	MEK
758246	871700-17-3	trametinib	GSK-1120212	Approved 	MEK
758248	946128-88-7		RO-5126766	Investigational 	MEK
761215	1035555-63-5		TAK-733	Investigational 	MEK
762521	874101-00-5		RG-7167	Investigational 	MEK
764042	1201685-05-3		ARRY-162	Investigational 	MEK
765695	212631-79-3		PD-184352	Investigational 	MEK
765866	923032-37-5	refametinib	BAY-86-9766	Investigational 	MEK
768068	934660-93-2	cobimetinib	XL-518	Approved 	MEK
768069	934660-93-2	cobimetinib enantiomer	XL-518 enantiomer	Investigational 	MEK
772563	869357-68-6		AZD-8330	Investigational 	MEK
778590	1168091-68-6		GDC-0623	Investigational 	MEK
783272	1610586-62-3		JNJ-47117096	Investigational 	MELK
787251	192441-08-0	lomeguatrib	AZD-5896	Investigational 	MGMT
793148	no cas		RX-5902	Investigational 	microtubule
702294	52205-73-9	estramustine	Ro-21-8837	Approved 	Microtubule depolymerase
787039	1857417-13-0		MI-503	Investigational 	MLL
791783	1849590-02-8		eFT-508	Investigational 	MNK
787025	1443763-60-7		BAY-1161909	Investigational 	MPS1
787026	1554458-53-5		BAY-1217389	Investigational 	MPS1
789044	1578244-34-4		CCT-271850	Investigational 	MPS1
794589	1817791-73-3		NTRC-0066-0	Investigational	MPS1
789042	916151-99-0		APTO-253	Investigational 	MTF-1
226080	53123-88-9	rapamycin		Approved 	mTor
683864	162635-04-3	temsirolimus	CCI-779	Approved 	mTor
733504	159351-69-6	everolimus	RAD-101	Approved 	mTor
751249	915019-65-7	dactolisib	BEZ-235	Investigational 	mTor
755771	162520-00-5	salirasib	KD-032	Investigational 	mTor
757440	572924-54-0	deforolimus	MK-8669	Investigational 	mTor
758256	1197160-78-3	gedatolisib	PF-05212384	Investigational 	mTor
758871	1009298-09-2		AZD-8055	Investigational 	mTor
759660	1187559-66-5		OSI-027	Investigational 	mTor
764091	1032754-93-0	apitolisib	GDC-0980	Investigational 	mTor
764515	1092351-67-1		PP-242	Investigational 	mTor
764658	1224844-38-5		INK-128	Investigational 	mTor
767189	1009298-59-2		AZD-2014	Investigational 	mTor
771532	1207360-89-1		RG-7603	Investigational 	mTor
775727	1223001-51-1		torin2	Investigational 	mTor
784815	1101810-02-9		AZD-3147	Investigational 	mTor
792971	1228013-30-6		CC-223	Investigational 	mTor
793151	1229013-15-7		CC-115	Investigational 	mTor
794442	1927857-56-4		PQR-620	Investigational	mTor
747971	284461-73-0	sorafenib	BAY 43-9006	Approved 	multikinase
750690	557795-19-4	sunitinib	SU-011248	Approved 	multikinase
754349	850879-09-3	amuvatinib	MP-470	Investigational 	multikinase
755774	62996-74-1	staurosporine	AM-2282	Investigational 	multikinase
755775	849217-64-7	foretinib	XL-880	Investigational 	multikinase
763932	755037-03-7	regorafenib	BAY-73-4506	Approved 	multikinase
766887	728033-96-3		OSI-930	Investigational 	multikinase
767953	882531-87-5		R-1530	Investigational 	multikinase
772197	1206799-15-6	merestinib	LY-2801653	Investigational 	multikinase
774830	802539-81-7	milciclib	PHA-848125	Investigational 	multikinase
783249	807640-87-5		JNJ-26483327	Investigational 	multikinase
783296	1092364-38-9	poziotinib	HM-781-36B	Investigational 	multikinase
789040	1197397-89-9		CBL-0137	Investigational 	multitargeted
780404	1035227-43-0		AZ-505	Investigational 	N-Lysine Methyltransferase
761192	905579-51-3	pevonedistat	MLN-4924	Investigational 	NAE
760442	no cas	daporinad hydrochloride	AP0-866	Investigational 	NAMPRTase
761189	432037-57-5	teglarinad	EB-1627	Investigational 	NAMPRTase
777194	658084-64-1	daporinad	AP0-866	Investigational 	NAMPRTase
779407	1362154-70-8		GNE-617	Investigational 	NAMPRTase
789099	1698878-14-6		LY-3154567	Investigational 	NAMPRTase
787253	1421438-81-4		LY-3039478	Investigational 	Notch
795781	1415925-18-6		GSK-2795039	Investigational	NOX2
755772	152121-47-6		SB-203580	Investigational 	p38 MAPK
756653	193551-21-2		SB-239063	Investigational 	p38 MAPK
766820	862505-00-8		LY-2228820	Investigational 	p38 MAPK
775665	745833-23-2		VX-702	Investigational 	p38 MAPK
777446	309913-83-5	talmapimod	SCIP-469	Investigational 	p38 MAPK
778367	945614-12-0	pexmetinib	ARRY-614	Investigational 	p38 MAPK
789969	152121-30-7		SB-202190	Investigational 	p38 MAPK
786100	1542705-92-9		CB-5083	Investigational 	p97
781470	1279034-84-2		PF-03758309	Investigational 	PAK4
792970	no cas		KPT-9274	Investigational 	PAK4
760842	892546-37-1		BIM-46187	Investigational 	pan G-protein
752493	160003-66-7	iniparib	BSI-201	Investigational 	Parp-1
752840	912444-00-9	veliparib	ABT-888	Investigational 	Parp-1
753686	763113-22-0	olaparib	AZD-2281	Approved 	Parp-1
754355	1038915-60-4	niraparib	MK-4827	Approved 	Parp-1
756644	459868-92-9	rucaparib	PF-01367338	Approved 	Parp-1
765396	1207454-56-5		BMN-673 (racemate)	Investigational 	Parp-1
767125	1207456-01-6	talazoparib	BMN-673	Investigational 	Parp-1
767533	1207456-00-5		BMN-673 (inactive enantiomer)	Investigational 	Parp-1
768593	916574-83-9		CEP-9722	Investigational 	Parp-1
773230	1174043-16-3		AZD-2461	Investigational 	Parp-1
783107	1140964-99-3		E-7449	Investigational 	Parp-1
779408	1440898-82-7		deltarasin	Investigational 	PDE-delta
756659	656247-18-6	nintedanib	BIBF-1120	Investigational 	PDGFR
763526	670220-88-9	crenolanib	CP-868596	Investigational 	PDGFR
764237	796967-16-3	linifanib	ABT-869	Investigational 	PDGFR
787038	1351522-04-7		AC-710	Investigational 	PDGFR
756657	742112-33-0		OSU-03012	Investigational 	PDK-1
756658	742112-34-1		OSU-03013	Investigational 	PDK-1
758485	702674-56-4		BX-912	Investigational 	PDK-1
759658	1227911-45-6		GSK-2334470	Investigational 	PDK-1
781627	1337531-36-8		GSK-2606414	Investigational 	PERK
18509	5451-09-2	aminolevulinic acid		Approved 	Photosensitizer
221019	19545-26-7		wortmannin	Investigational 	PI3K
722134	502844-51-1	sonolisib	PX-866	Investigational 	PI3K
754353	944396-07-0	buparlisib	BKM-120	Investigational 	PI3K
755385	957054-30-7	pictilisib	GDC-0941	Investigational 	PI3K
755769	154447-36-6		LY-294002	Investigational 	PI3K
759224	870281-82-6	idelalisib	CAL-101	Approved 	PI3K
759676	371935-74-9		PI-103	Investigational 	PI3K
760443	1032568-63-0	copanlisib	BAY-80-6946	Investigational 	PI3K
760536	1013101-36-4		PF-04691502	Investigational 	PI3K
762382	1007207-67-1		CH-5132799	Investigational 	PI3K
764092	1086062-66-9		GSK-2126458	Investigational 	PI3K
764516	475110-96-4		ZSTK-474	Investigational 	PI3K
765974	1217486-61-7		BYL-719	Investigational 	PI3K
768508	1372540-25-4		GSK-2636771	Investigational 	PI3K
772469	1201438-56-3		INK-1197	Investigational 	PI3K
773095	1245537-68-1		BGT-226	Investigational 	PI3K
775306	914913-88-5		SG-00529	Investigational 	PI3K
776996	371935-79-4		PI-103	Investigational 	PI3K
778810	1246560-33-7		VS-5584	Investigational 	PI3K
782122	1253573-53-3		AMG-511	Investigational 	PI3K
782362	1246203-32-6		PWT-33597	Investigational 	PI3K
785117	1225037-39-7		PQR-309	Investigational 	PI3K
786099	1620576-64-8		AZD-8835	Investigational 	PI3K
787137	1608125-21-8		AMG-319	Investigational 	PI3K
789968	1386874-06-1		LY-3023414	Investigational 	PI3K
791226	934493-76-2	voxtalisib	XL-765	Investigational 	PI3K
791227	934526-89-3	pilaralisib	XL-147	Investigational 	PI3K
792987	1382979-44-3		GDC-0084	Investigational 	PI3K
794590	1375469-38-7		BAY-1082439	Investigational	PI3K
795067	1693758-51-8		IPI-549	Investigational	PI3K
795384	1268454-23-4	serabelisib	INK-1117	Investigational	PI3K
777425	1282512-48-4	taselisib	GDC-0032	Investigational 	pI3K alpha
777877	1276553-09-3		PF-4989216	Investigational 	pI3K alpha
777572	1627494-13-6		AZD-8186	Investigational 	pI3K beta
780290	1260612-13-2		SAR-260301 (enantiomer 1)	Investigational 	pI3K beta
780291	no cas		SAR-260301 (enantiomer 2)	Investigational 	pI3K beta
757333	1173928-26-1		SGI-1776	Investigational 	PIM-1
776066	1204144-28-4		AZD-1208	Investigational 	PIM-1
791495	1428569-85-0		GDC-0339	Investigational 	PIM-1
794109	1210416-52-6		LGH-447	Investigational	PIM-1
755766	130964-39-5		H-89 dihydrochloride	Investigational 	PKA
782017	127243-85-0		H-89	Investigational 	PKA
36405	3895-92-9	chelerythrine	MP-0922	Investigational 	PKC
766819	425637-18-9	sotrastaurin	AEB-071	Investigational 	PKC
767124	170364-57-5	enzastaurin	LY-317615	Investigational 	PKC
772991	1260074-86-9		PKM2 Activator 9	Investigational 	PKM2
754354	929095-18-1		GSK-461364	Investigational 	Plk-1
755983	755038-02-9		BI-2536	Investigational 	Plk-1
757149	755038-65-4	volasertib	BI-6727	Investigational 	Plk-1
761759	1157847-46-5		TAK-960 analog	Investigational 	Plk-1
762154	1201692-18-3		Des-fluoro-TAK-960	Investigational 	Plk-1
762418	1214266-16-6		TAK Plk inhibitor	Investigational 	Plk-1
767470	1228960-69-7		MLN-0905	Investigational 	Plk-1
768072	1137868-52-0		TAK-960	Investigational 	Plk-1
781344	1034616-18-6		NMS-1286937	Investigational 	Plk-1
791966	1338800-06-8		CFI-400945	Investigational 	Plk-1
782164	1138549-36-6		CX-5461	Investigational 	Pol1-transcription of rRNA
777639	1243244-14-5		LGK-974	Investigational 	Porcupine
764579	223132-37-4	efatutazone	CS-7017	Investigational 	PPAR-gamma
778746	108409-83-2		FH-535	Investigational 	PPAR-gamma
785299	1616391-65-1		EPZ-015666	Investigational 	PRMT5
790865	1700663-41-7		EPZ-020411	Investigational 	PRMT6
71423	595-33-5	megestrol acetate	PAR-100.2	Approved 	Progesterone Receptor
756655	179324-69-7	bortezomib	PS-341	Approved 	Proteosome
758252	868540-17-4	carfilzomib	ONO-7057	Approved 	Proteosome
758254	1201902-80-8	ixazomib citrate	MLN-9708	Approved 	Proteosome
764334	847499-27-8	delanzomib	CEP-18770	Investigational 	Proteosome
766254	935888-69-0	oprozomib	ONX-0912	Investigational 	Proteosome
766907	1072833-77-2	ixazomib	MLN-2238	Investigational 	Proteosome
782153	133407-82-6		MG-132	Investigational 	Proteosome
755	6112-76-1	6-mercaptopurine	6MP	Approved 	PRPP amidotransferase
782006	420126-30-3		PTC-691	Investigational 	PTC
766906	1096708-71-2		MLN-2480	Investigational 	Raf
754344	592542-60-4	rigosertib	ON-01910Na	Investigational 	Ras
763525	839707-37-8	pluripotin	SC-1	Investigational 	RasGAP
788203	1123837-84-2	sitravatinib	MG-516	Investigational 	Ret
751297	146986-50-7		Y-27632	Investigational 	Rho
780205	451462-58-1	dimethylfasudil	H-1152	Investigational 	Rho
32065	127-07-1	hydroxyurea		Approved 	Ribonucleotide reductase
312887	75607-67-9	fludarabine	SHT-586	Approved 	Ribonucleotide reductase
759096	143621-35-6	triapine	3-AP	Investigational 	Ribonucleotide reductase
761266	156436-89-4	motexafin	PCI-0120	Investigational 	Ribonucleotide reductase
703081	77307-50-7		SL-0101	Investigational 	RSK
768011	1221878-06-3		XL-541	Investigational 	S1P1
786959	1639042-08-2		AZD-9496	Investigational 	SERD
787326	1365888-06-7		GDC-0810	Investigational 	SERD
180973	54965-24-1	tamoxifen	ICI-46474	Approved 	SERM
719276	129453-61-8	fulvestrant	ZD-9238	Approved 	SERM
747974	84449-90-1	raloxifene	LY-156758	Approved 	SERM
754350	157752-20-0		CB-64D	Investigational 	Sigma agonist
755986	879085-55-9	vismodegib	GDC-0449	Approved 	SMO
758486	599150-20-6		HPI-1	Investigational 	SMO
761385	956697-53-3	sonidegib	LDE-225	Approved 	SMO
763758	1160830-00-1		SEN-450	Investigational 	SMO
767123	1037210-93-7	saridegib	IPI-926	Investigational 	SMO
767126	1057677-92-5		LEQ-506	Investigational 	SMO
767896	1258861-20-9		LY-2940680	Investigational 	SMO
771858	1186231-83-3		TAK-441	Investigational 	SMO
775772	1095173-27-5		PF-04449913	Investigational 	SMO
781469	1059734-66-5		BMS-833923	Investigational 	SMO
796101	915385-81-8		ABC-294640	Investigational	SphK2
756643	897016-82-9		KX2-391	Investigational 	Src
758872	379231-04-6	saracatinib	AZD-0530	Investigational 	Src
765694	380843-75-4	bosutinib	SKI-506	Approved 	Src
755401	229305-39-9	golotimod	SCV-07	Investigational 	Stat3
757334	1150339-93-7		Cpd-401	Investigational 	Stat3
764037	1334493-07-0		BP-1-102	Investigational 	Stat3
788900	83280-65-3	napabucasin	BBI-608	Investigational 	Stat3
755387	781661-94-7	sepantronium bromide	YM-155	Investigational 	Survivan
756662	666752-22-3		SR-13654	Investigational 	Survivan
766992	732983-37-8		BAY 61-3606	Investigational 	Syk
772498	841290-80-0		R-406	Investigational 	Syk
772992	914295-16-2	fostamatinib	R-788	Investigational 	Syk
776786	1370261-97-4		P505-15	Investigational 	Syk
781516	1229208-44-9	entosplenitib	GS-9973	Investigational 	Syk
791967	no cas		TAK-659 (isomer 1)	Investigational 	Syk
791968	no cas		TAK-659 (isomer 2)	Investigational 	Syk
755892	4884-68-8		hydrastinine	Investigational 	Syptic
756649	301836-41-9		SB-431542	Investigational 	TGF-beta
761216	700874-72-2	galunisertib	LY-2157299	Investigational 	TGF-beta
765632	700874-71-1		LY-2109761	Investigational 	TGF-beta
19893	51-21-8	5-fluorouracil	5-FU	Approved 	Thymidylate synthase
27640	50-91-9	floxuridine	5-fluorodeoxyuridine	Approved 	Thymidylate synthase
75520	70-00-8	trifluridine	CF3dUrd	Approved 	Thymidylate synthase
639186	112887-68-0	raltitrexed	ZD-1694	Investigational 	Thymidylate synthase
712807	154361-50-9	capecitabine	Ro-09-1978	Approved 	Thymidylate synthase
764764	501332-69-0		ONX-0801	Investigational 	Thymidylate synthase
369100	99011-02-6	imiquimod	DZ-2636	Approved 	TLR7
777447	926927-61-9	motolimod	VTX-2337	Investigational 	TLR8
755761	284028-89-3		XAV-939	Investigational 	TNKS
789797	522650-83-5		SW-044248	Investigational 	Top1
787880	1338545-07-5		OTS-964	Investigational 	TOPK
609699	119413-54-6	topotecan	S-104864-A	Approved 	Topo I
616348	100286-90-6	irinotecan	CPT-11	Approved 	Topo I
673596	86639-52-3		7-Ethyl-10-hydroxycamptothecin	Investigational 	Topo I
754365	346689-77-8		MLN-576	Investigational 	Topo I
754366	343247-32-5		XR-5944	Investigational 	Topo I
754367	89459-25-6		XR-5000	Investigational 	Topo I
768112	529488-28-6		GENZ-644282	Investigational 	Topo I
122819	29767-20-2	teniposide	VM-26	Approved 	Topo II
141540	33419-42-0	etoposide	VP-16	Approved 	Topo II
256439	57852-57-0	idarubicin hydrochloride	IMI-30	Approved 	Topo II
256942	56390-09-1	epirubicin hydrochloride	IMI-28	Approved 	Topo II
279836	65271-80-9	mitoxantrone	CL-232315	Approved 	Topo II
698215	157542-91-1		XK-469	Investigational 	Topo II
758251	69408-81-7	amonafide	CGX-571	Investigational 	Topo II
760764	175414-77-4	vosaroxin	AG-7352	Investigational 	Topo II
784722	1361644-26-9	aldoxorubicin	INNO-206	Investigational 	Topo II
350625	1616632-77-9		ONC-201	Investigational	TRAIL
785570	1223403-58-4		LOXO-101	Investigational 	Trk
49842	143-67-9	vinblastine		Approved 	Tubulin fragmenter
67574	2068-78-2	vincristine		Approved 	Tubulin fragmenter
608210	125317-39-7	vinorelbine	ANX-530	Approved 	Tubulin fragmenter
758488	917111-44-5	lexibulin	CYT-997	Investigational 	Tubulin fragmenter
758489	204205-90-3	indibulin	ZIO-301	Investigational 	Tubulin fragmenter
758773	827031-83-4	verubulin	EP-90745	Investigational 	Tubulin fragmenter
762598	798577-91-0		BAL-27862	Investigational 	Tubulin fragmenter
764608	1263384-43-5		BAL-101553	Investigational 	Tubulin fragmenter
778448	253426-24-3	ombrabulin hydrochloride	AC-7700	Investigational 	Tubulin fragmenter
125973	33069-62-4	paclitaxel	BMS-181339	Approved 	Tubulin stabilizer
628503	114977-28-5	docetaxel	ANX-514	Approved 	Tubulin stabilizer
747973	219989-84-1	ixabepilone	BMS-247550	Approved 	Tubulin stabilizer
761432	183133-96-2	cabazitaxel	TAX-258	Approved 	Tubulin stabilizer
797934	714272-27-2	plinabulin	NPI-2358	Investigational	Tubulin stabilizer
785004	1450833-55-2		MLN-7243	Investigational 	Ubiquitin-activating enzyme
737754	635702-64-6	pazopanib	GW-786034	Approved 	VEGFR
755606	288383-20-0	cediranib	AZD-2171	Investigational 	VEGFR
755980	417716-92-8	lenvatinib	E-7080	Approved 	VEGFR
757441	319460-85-0	axitinib	AG-013736	Approved 	VEGFR
758007	475108-18-0	tivozanib	ASP-4130	Investigational 	VEGFR
760766	443913-73-3	vandetanib	ZD-6474	Approved 	VEGFR
760843	453562-69-1	motesanib	AMG-706	Investigational 	VEGFR
762381	900573-88-8		JI-101	Investigational 	VEGFR
764481	649735-63-7	brivanib	BMS-582664	Investigational 	VEGFR
772499	212142-18-2	vatalanib	CGP-79787D	Investigational 	VEGFR
772886	1218779-75-9	apatinib mesylate	YN-968D1	Investigational 	VEGFR
776017	332012-40-5	telatinib	BAY-57-9352	Investigational 	VEGFR
782762	1058137-23-7	lucitinib	E-3810	Investigational 	VEGFR
791059	936694-12-1	glesatinib	MGCD-265	Investigational 	VEGFR
798201			VH-298	Investigational	VHL
788992	1801787-56-3		OICR-9429	Investigational 	WDR5
754352	955365-80-7		MK-1775	Investigational 	Wee-1
756641	780757-88-2		ICG-001	Investigational 	Wnt
756646	1127442-82-3		IWR-1	Investigational 	Wnt
784591	1661839-45-7		CCT-251545	Investigational 	Wnt
1390	315-30-0	allopurinol	BW-56-158	Approved 	Xanthine Oxidase
794443	1642300-52-4		KPT-8602	Investigational	XPO1
